Project Number,Project Name
1001,E-Commerce
1001,Amber Monarrez
1001,Shenika Seewald
1002,Publishing
1002,Jamal Vanausdal
1002,Cecily Hollack
1002,Carmelina Lindall
1003,Project Management
1003,Penney Weight
1003,Elly Morocco
1003,Ilene Eroman
1003,Vallie Mondella
1004,Backend Integration
1004,Johnetta Abdallah
1004,Bobbye Rhym
1004,Micaela Rhymes
1004,Tamar Hoogland
1004,Moon Parlato
1005,Document Generation
1005,Laurel Reitler
1005,Delisa Crupi
1005,Viva Toelkes
1005,Elza Lipke
1005,Devorah Chickering
1005,Timothy Mulqueen
1006,Billing System
1006,Timothy Mulqueen
1006,Arlette Honeywell
1007,Twitter Integration
1007,Amber Monarrez
1007,Shenika Seewald
1007,Delmy Ahle
1008,Mobile App
1008,Jamal Vanausdal
1008,Cecily Hollack
1008,Carmelina Lindall
1008,Maurine Yglesias
1009,E-Commerce
1009,Penney Weight
1009,Elly Morocco
1009,Ilene Eroman
1009,Vallie Mondella
1009,Kallie Blackwood
1010,Publishing
1010,Amber Monarrez
1010,Shenika Seewald
1010,Delmy Ahle
1010,Deeanna Juhas
1010,Blondell Pugh
1010,Cecily Hollack
1011,Project Management
1011,Jamal Vanausdal
1011,Cecily Hollack
1012,Backend Integration
1012,Penney Weight
1012,Elly Morocco
1012,Ilene Eroman
1013,Document Generation
1013,Johnetta Abdallah
1013,Bobbye Rhym
1013,Micaela Rhymes
1013,Tamar Hoogland
1014,Billing System
1014,Laurel Reitler
1014,Delisa Crupi
1014,Viva Toelkes
1014,Elza Lipke
1014,Devorah Chickering
1015,Twitter Integration
1015,Timothy Mulqueen
1015,Arlette Honeywell
1015,Dominque Dickerson
1015,Lettie Isenhower
1015,Myra Munns
1015,Ilene Eroman
1016,Mobile App
1016,Carmela Cookey
1016,Junita Brideau
1017,Backend Integration
1017,Merilyn Bayless
1017,Teri Ennaco
1017,Merlyn Lawler
1018,Project Management
1018,Melodie Knipp
1018,Candida Corbley
1018,Karan Karpin
1018,Andra Scheyer
1019,Publishing
1019,Amber Monarrez
1019,Shenika Seewald
1019,Delmy Ahle
1019,Deeanna Juhas
1019,Blondell Pugh
1020,E-Commerce
1020,Jamal Vanausdal
1020,Cecily Hollack
1020,Carmelina Lindall
1020,Maurine Yglesias
1020,Tawna Buvens
1020,Andra Scheyer
